id,total_frames,fake_start,fake_end
002_006.mp4,693,120,275
004_982.mp4,309,115,269
005_010.mp4,385,172,364
007_132.mp4,505,172,378
016_209.mp4,678,127,295
024_073.mp4,306,111,264
042_084.mp4,338,129,298
045_889.mp4,350,128,292
053_095.mp4,417,159,367
057_070.mp4,431,132,315
066_062.mp4,435,176,387
085_124.mp4,329,122,281
088_060.mp4,665,295,627
089_065.mp4,751,158,379
092_098.mp4,460,121,270
100_077.mp4,423,163,374
101_096.mp4,1148,210,462
112_892.mp4,418,114,269
124_085.mp4,318,116,275
125_038.mp4,500,119,271
131_518.mp4,306,111,258
132_007.mp4,413,172,378
151_225.mp4,347,122,274
165_137.mp4,387,170,363
166_167.mp4,756,126,296
182_242.mp4,620,128,293
184_205.mp4,1254,134,287
196_310.mp4,426,143,330
198_106.mp4,392,130,308
201_203.mp4,863,156,379
204_230.mp4,515,148,334
209_016.mp4,337,124,292
225_151.mp4,304,114,266
238_282.mp4,622,211,508
239_218.mp4,588,134,310
271_264.mp4,490,190,417
286_267.mp4,668,114,267
297_270.mp4,390,123,278
339_392.mp4,457,162,390
344_020.mp4,631,147,342
348_202.mp4,414,144,305
351_346.mp4,684,254,561
387_311.mp4,528,150,334
392_339.mp4,1496,182,410
393_405.mp4,579,202,467
397_602.mp4,355,147,324
412_274.mp4,572,192,429
428_466.mp4,540,132,299
438_434.mp4,542,148,316
439_441.mp4,462,127,279
441_439.mp4,305,120,272
463_464.mp4,315,112,269
471_455.mp4,540,148,333
484_415.mp4,319,124,283
516_555.mp4,354,134,311
521_517.mp4,304,109,261
526_436.mp4,838,230,489
528_510.mp4,377,121,291
532_544.mp4,391,130,307
566_617.mp4,723,128,284
569_921.mp4,335,108,256
584_823.mp4,475,182,419
604_703.mp4,825,148,335
611_760.mp4,645,136,289
623_630.mp4,352,135,311
632_548.mp4,427,177,390
640_638.mp4,306,118,271
649_816.mp4,930,181,386
653_601.mp4,731,149,331
715_721.mp4,856,259,549
717_684.mp4,374,157,344
731_741.mp4,778,130,315
744_674.mp4,294,127,274
748_355.mp4,318,111,270
752_751.mp4,1016,134,299
763_930.mp4,812,177,401
782_787.mp4,556,176,427
792_903.mp4,383,139,330
793_768.mp4,590,118,283
809_799.mp4,367,153,336
810_838.mp4,1052,189,417
814_871.mp4,550,136,310
829_808.mp4,801,270,588
831_508.mp4,327,120,283
870_001.mp4,604,177,407
872_873.mp4,474,201,438
877_886.mp4,570,202,464
878_866.mp4,736,197,451
894_848.mp4,328,135,299
899_914.mp4,560,122,275
907_795.mp4,525,198,460
915_895.mp4,352,126,273
916_783.mp4,484,173,374
918_934.mp4,472,145,333
927_912.mp4,697,262,585
952_882.mp4,700,148,314
957_959.mp4,418,165,374
969_897.mp4,356,133,299
996_056.mp4,312,113,269
999_960.mp4,335,142,309
